{"buildings": [
{
	"use": "apartments",
	"assets": [
		{
			"category": "part",
			"part": "level",
			"name": "pro_6908.png",
			"type": "texture",
			"path": "/default/textures/facades/appartments",
			"cladding": 1,
			"featureWidthM": 1.5,
			"featureLpx": 185,
			"featureRpx": 452,
			"numTilesU": 3,
			"numTilesV": 4
		}
	]
},
{
	"use": "office",
	"assets": [
		{
			"category": "part",
			"part": "level",
			"name": "pro_2157.png",
			"type": "texture",
			"path": "/default/textures/facades/office",
			"cladding": 1,
			"featureWidthM": 3.5,
			"featureLpx": 989,
			"featureRpx": 1729,
			"numTilesU": 3,
			"numTilesV": 3
		},
		{
			"category": "part",
			"part": "level",
			"name": "pro_2161.png",
			"type": "texture",
			"path": "/default/textures/facades/office",
			"cladding": 1,
			"featureWidthM": 3.0,
			"featureLpx": 435,
			"featureRpx": 766,
			"numTilesU": 3,
			"numTilesV": 4
		}
	]
},
{
	"use": "office",
	"assets": [
		{
			"category": "part",
			"part": "level",
			"name": "pro_2353.png",
			"type": "texture",
			"path": "/default/textures/facades/office",
			"cladding": 1,
			"featureWidthM": 0.8,
			"featureLpx": 542,
			"featureRpx": 694,
			"numTilesU": 4,
			"numTilesV": 3
		}
	]
},
{
	"use": "office",
	"assets": [
		{
			"category": "part",
			"part": "level",
			"name": "pro_2901.png",
			"type": "texture",
			"path": "/default/textures/facades/office",
			"cladding": 1,
			"featureWidthM": 1.0,
			"featureLpx": 1076,
			"featureRpx": 1474,
			"numTilesU": 3,
			"numTilesV": 2
		}
	]
},
{
	"use": "office",
	"assets": [
		{
			"category": "part",
			"part": "curtain_wall",
			"name": "pro_6841.jpg",
			"type": "texture",
			"specularMapName": "pro_6841_diffuse.png",
			"claddingColor": 1,
			"path": "/default/textures/facades/glass",
			"featureWidthM": 1.2,
			"featureLpx": 0,
			"featureRpx": 387,
			"numTilesU": 4,
			"numTilesV": 3
		}
	]
},
{
	"use": "office",
	"assets": [
		{
			"category": "part",
			"part": "curtain_wall",
			"name": "pro_6848.jpg",
			"type": "texture",
			"specularMapName": "pro_6848_diffuse.png",
			"claddingColor": 1,
			"path": "/default/textures/facades/glass",
			"featureWidthM": 1.0,
			"featureLpx": 0,
			"featureRpx": 296,
			"numTilesU": 9,
			"numTilesV": 2
		}
	]
},
{
	"use": "any",
	"assets": [
		{
			"category": "cladding",
			"material": "plaster",
			"name": "duion_plaster_stucco_01_D.png",
			"type": "texture",
			"path": "/default/textures/cladding/plaster",
			"textureWidthM": 1.5
		}
	]
},
{
	"use": "any",
	"assets": [
		{
			"category": "cladding",
			"material": "plaster",
			"name": "duion_plaster_sprinkled_01_D.png",
			"type": "texture",
			"path": "/default/textures/cladding/plaster",
			"textureWidthM": 3.0
		}
	]
},
{
	"use": "any",
	"assets": [
		{
			"category": "cladding",
			"material": "brick",
			"name": "cc0textures_bricks11_col.jpg",
			"type": "texture",
			"path": "/default/textures/cladding/brick",
			"textureWidthM": 1.5
		}
	]
},
{
	"use": "any",
	"assets": [
		{
			"category": "cladding",
			"material": "brick",
			"name": "duion_bricks_classic_01_D.png",
			"type": "texture",
			"path": "/default/textures/cladding/brick",
			"textureWidthM": 1.2
		}
	]
},
{
	"use": "any",
	"assets": [
		{
			"category": "cladding",
			"material": "brick",
			"name": "duion_bricks_classic_02_D.png",
			"type": "texture",
			"path": "/default/textures/cladding/brick",
			"textureWidthM": 2.1
		}
	]
},
{
	"use": "any",
	"assets": [
		{
			"category": "cladding",
			"material": "concrete",
			"name": "duion_concrete_stripes_03_D.png",
			"type": "texture",
			"path": "/default/textures/cladding/concrete",
			"textureWidthM": 4.0
		}
	]
},
{
	"use": "any",
	"assets": [
		{
			"category": "cladding",
			"material": "concrete",
			"name": "cc0textures_concrete06_col.jpg",
			"type": "texture",
			"path": "/default/textures/cladding/concrete",
			"textureWidthM": 3.0
		}
	]
},
{
	"use": "any",
	"assets": [
		{
			"category": "cladding",
			"material": "concrete",
			"name": "duion_concrete_rough_01_D.png",
			"type": "texture",
			"path": "/default/textures/cladding/concrete",
			"textureWidthM": 3.0
		}
	]
},
{
	"use": "any",
	"assets": [
		{
			"category": "cladding",
			"material": "gravel",
			"name": "cc0textures_gravel04_col.jpg",
			"type": "texture",
			"path": "/default/textures/cladding/gravel",
			"textureWidthM": 1.6
		}
	]
},
{
	"use": "any",
	"assets": [
		{
			"category": "cladding",
			"material": "metal",
			"name": "duion_metal_panels_01_D.png",
			"type": "texture",
			"path": "/default/textures/cladding/metal",
			"textureWidthM": 2.4
		}
	]
},
{
	"use": "any",
	"assets": [
		{
			"category": "cladding",
			"material": "roof_tiles",
			"name": "rubberduck_220.jpg",
			"type": "texture",
			"path": "/default/textures/cladding/roof tiles",
			"textureWidthM": 1.3
		}
	]
},
{
	"use": "any",
	"assets": [
		{
			"category": "cladding",
			"material": "roof_tiles",
			"name": "scouser_roof_tiles_arched2.png",
			"type": "texture",
			"path": "/default/textures/cladding/roof tiles",
			"textureWidthM": 1.8
		}
	]
}
]}